Workbook

Sheet Executive Summary
B2: Crossdock Optimization – Executive Summary
B3: NSP · disusun oleh FID Rayhan (BSA) · status per 14-Oct-2026
B6: Tujuan
B7: Mengoptimalkan pengiriman part crossdock: menentukan part yang layak crossdock berdasarkan demand aktual, membagi kapasitas (Max Case/Day) ke destinasi ekspor, lalu memasangkan order customer ke PO supplier sehingga supplier bisa membuat ASN per case secara langsung.
B10: Total fungsi | D10: Screen | F10: Batch | H10: Task terbuka | J10: Konfirmasi open | L10: Prototype screen
B11: =COUNTA('Function Map'!$B$7:$B$19) | D11: =COUNTIF('Function Map'!$D$7:$D$19,"Screen") | F11: =COUNTIF('Function Map'!$D$7:$D$19,"Batch") | H11: =COUNTIF('Task List'!$H$13:$H$26,"<>Done") | J11: =COUNTIF(Konfirmasi!$J$8:$J$30,"Open") | L11: =COUNTIFS('Function Map'!$D$7:$D$19,"Screen",'Function Map'!$J$7:$J$19,"Yes")
B14: Lingkup per fase
B15: Fase | D15: Fungsi | H15: Hasil bisnis
B16: A. Master setup (bulanan) | D16: X1, X2 Part List · X5, X11 replikasi data · X6 DAD calc · X7 mapping calc · X3, X4 mapping & sync | H16: Daftar part crossdock Active dan kapasitas case/day per destinasi untuk periode baru, tersinkron ke global system.
B17: B. Operasi harian | D17: X9, X10 replikasi order · X12 order ↔ PO (FIFO) · X8 ASN Crossdock Creation · X13 ASN Inquiry | H17: Supplier membuat ASN per case dari order yang sudah dapat PO; D/S team memantau detail destinasi & pcs.
B20: Sudah selesai | H20: Langkah berikutnya (prioritas High)
B21: ✔ UISS 13 fungsi (X1-X13) versi 0.1 + file .md per fungsi | H21: ▸ Update UISS X8 / X13 setelah konfirmasi case label, nomor ASN, route master (FID Rayhan)
B22: ✔ Prototype Part List, Mapping per Destination, ASN Crossdock Creation, ASN Inquiry (GitHub Pages) | H22: ▸ Finalisasi logika FIFO dan struktur Pra Daily Order di UISS X12 (FID Rayhan)
B23: ✔ Rumus kalkulasi DAD (X6) dan mapping destinasi (X7) termasuk aturan pembulatan, dikonfirmasi 14-Oct-26 | H23: ▸ Review UISS X1-X13 versi 0.1 oleh user / reviewer (User)
B24: ✔ Struktur tabel H0202 / H0253 / H0125 dari I/F layout G-TOPAS, termasuk SERIAL_NO | H24: ▸ Tambah kolom SERIAL_NO di tabel / query H0253 sumber (Tim DB Surrounding)
B25: ✔ Alur ASN baru sesuai ASN_Flow_Normal.xlsx (unit Part + Customer Order Date, 1 case per destinasi, FIFO) | H25: ▸ Konfirmasi struktur tabel Pra Daily Order dan route master (Tim NSP / IT)
B26: ✔ Header delivery plan level case; detail destinasi & pcs hanya untuk tim D/S | H26: ▸ Susun testing strategy & test scenario (unit, integration, UAT) X1-X13 (FID Rayhan)
B28: Detail: sheet Business Flow (alur), Function Map (13 fungsi), Task List, Konfirmasi (keputusan yang dibutuhkan). Prototype: https://ivanrayhannn.github.io/crossdockpoc/

Sheet Function Map
B2: Function Map
B3: 13 fungsi Crossdock Optimization (UISS X1-X13) · status per 14-Oct-2026
B6: ID | C6: Function | D6: Type | E6: User / Actor | F6: Phase | G6: Trigger / Frequency | H6: Input | I6: Output | J6: Prototype | K6: UISS | L6: MD
B7: X1 | C7: Part List (Crossdock Master Setting) | D7: Screen | E7: Procurement | F7: A. Master setup | G7: On demand | H7: Part master | I7: TB_M_PART_CANDIDATE, history | J7: Yes | K7: Draft 0.1 | L7: Updated
B8: X2 | C8: Part List Upload | D8: Batch | E8: Procurement | F8: A. Master setup | G8: Upload from X1 | H8: Excel template | I8: TB_M_PART_CANDIDATE, history, log | J8: Yes | K8: Draft 0.1 | L8: Updated
B9: X3 | C9: Mapping per Destination (+ Sync via RPA) | D9: Screen | E9: D/S team | F9: A. Master setup | G9: On demand | H9: Calculated mapping, destination master | I9: TB_M_PART_CANDIDATE_DEST, Global System | J9: Yes | K9: Draft 0.1 | L9: Updated
B10: X4 | C10: Mapping Upload | D10: Batch | E10: D/S team | F10: A. Master setup | G10: Upload from X3 | H10: Excel template | I10: TB_M_PART_CANDIDATE_DEST, history, log | J10: Yes | K10: Draft 0.1 | L10: Updated
B11: X5 | C11: Actual Demand Summary Sync | D11: Batch | E11: System | F11: A. Master setup | G11: Monthly, before X6 (TBC) | H11: DB Surrounding TB_R_ACTUAL_DEMAND_SUMMARY | I11: NSP TB_R_ACTUAL_DEMAND_SUMMARY | J11: N/A | K11: Draft 0.1 | L11: Updated
B12: X6 | C12: DAD Volume Calculation | D12: Batch | E12: System (manual run in X1) | F12: A. Master setup | G12: Monthly, after X5 | H12: Actual demand, Min MAD | I12: Part status Active / Inactive, TB_R_PART_DAD_RESULT | J12: Yes (run bar) | K12: Draft 0.1 | L12: Updated
B13: X7 | C13: Mapping Destination Calculation | D13: Batch | E13: System (manual run in X3) | F13: A. Master setup | G13: Own scheduler (TBC) | H13: Active parts, actual demand, Max Case/Day | I13: New period mapping (case/day per destination) | J13: Yes (run bar) | K13: Draft 0.1 | L13: Updated
B14: X8 | C14: ASN Crossdock Creation | D14: Screen | E14: Supplier (detail: D/S team) | F14: B. Daily operation | G14: On demand | H14: TB_R_INSTRUCTION | I14: TB_R_ASN_CROSSDOCK_H, ASN / case no. | J14: Yes | K14: Draft 0.1 | L14: Updated
B15: X9 | C15: H0202 Demand History Sync | D15: Batch | E15: System | F15: B. Daily operation | G15: Daily (TBC) | H15: G-TOPAS H0202 | I15: NSP TB_R_H0202 | J15: N/A | K15: Draft 0.1 | L15: Updated
B16: X10 | C16: H0253 Order Control Sync | D16: Batch | E16: System | F16: B. Daily operation | G16: Daily (TBC) | H16: G-TOPAS H0253 | I16: NSP TB_R_H0253_ORDER_CONTROL_PRE | J16: N/A | K16: Draft 0.1 | L16: Updated
B17: X11 | C17: H0125 Destination Master Sync | D17: Batch | E17: System | F17: A. Master setup | G17: Weekly (TBC) | H17: G-TOPAS H0125 | I17: NSP TB_M_H0125_DESTINATION | J17: N/A | K17: Draft 0.1 | L17: Updated
... B19: X13 | C19: ASN Inquiry | D19: Screen | E19: Supplier / D/S team | F19: B. Daily operation | G19: On demand | H19: TB_R_ASN_CROSSDOCK_H, TB_R_INSTRUCTION | I19: Display, case label | J19: Yes | K19: Draft 0.1 | L19: Updated

Sheet Task List
B2: Task List – Belum Dikerjakan
B3: Pekerjaan yang masih terbuka per 14-Oct-2026. Kolom Status bisa diubah (pilihan list).
B6: Ringkasan status
C7: Not started | D7: =COUNTIF($H$13:$H$26,C7)
C8: Waiting confirmation | D8: =COUNTIF($H$13:$H$26,C8)
C9: In progress | D9: =COUNTIF($H$13:$H$26,C9)
C10: Done | D10: =COUNTIF($H$13:$H$26,C10)
B12: No | C12: Task | D12: Function | E12: Category | F12: PIC | G12: Depends on | H12: Status | I12: Priority
B13: 1 | C13: Update UISS X8 / X13 setelah konfirmasi case label, nomor ASN, route master | D13: X8 / X13 | E13: Dokumen | F13: FID Rayhan | G13: Konfirmasi no. 1-8 | H13: Waiting confirmation | I13: High
B14: 2 | C14: Finalisasi logika FIFO dan struktur Pra Daily Order di UISS X12 | D14: X12 | E14: Dokumen | F14: FID Rayhan | G14: Konfirmasi no. 9 | H14: Waiting confirmation | I14: High
B15: 3 | C15: Isi jadwal & retry di Schedule sheet UISS X5, X9-X12 | D15: X5, X9-X12 | E15: Dokumen | F15: FID Rayhan | G15: Konfirmasi no. 10-12 | H15: Waiting confirmation | I15: Medium
B16: 4 | C16: Buat UISS-Batch RPA Sync (jika disetujui) | D16: X3 | E16: Dokumen | F16: FID Rayhan | G16: Konfirmasi no. 16-17 | H16: Not started | I16: Medium
B17: 5 | C17: Lengkapi panjang VARCHAR dan nama field di Appendix semua UISS | D17: X1-X13 | E17: Dokumen | F17: FID Rayhan | G17: Konfirmasi no. 20 | H17: Waiting confirmation | I17: Low
B18: 6 | C18: Review UISS X1-X13 versi 0.1 oleh user / reviewer | D18: X1-X13 | E18: Review | F18: User | G18: - | H18: Not started | I18: High
B19: 7 | C19: Tambah kolom SERIAL_NO di tabel / query H0253 sumber | D19: X10 | E19: Data | F19: Tim DB Surrounding | G19: Konfirmasi no. 15 | H19: Not started | I19: High
B20: 8 | C20: Konfirmasi struktur tabel Pra Daily Order dan route master | D20: X8, X12 | E20: Data | F20: Tim NSP / IT | G20: - | H20: Not started | I20: High
B21: 9 | C21: Prototype: Download Case Label sesuai format | D21: X8 / X13 | E21: Prototype | F21: FID Rayhan | G21: Konfirmasi no. 1 | H21: Waiting confirmation | I21: Medium
B22: 10 | C22: Prototype: Case List supplier level case & akses D/S | D22: X8 | E22: Prototype | F22: FID Rayhan | G22: Konfirmasi no. 4-5 | H22: Waiting confirmation | I22: Medium
B23: 11 | C23: Prototype: Cancel ASN di ASN Inquiry (jika diperlukan) | D23: X13 | E23: Prototype | F23: FID Rayhan | G23: Konfirmasi no. 8 | H23: Waiting confirmation | I23: Low
B24: 12 | C24: Susun testing strategy & test scenario (unit, integration, UAT) X1-X13 | D24: X1-X13 | E24: Testing | F24: FID Rayhan | G24: UISS final | H24: Not started | I24: High
... B26: 14 | C26: Susun BRD / TSD (jika dibutuhkan proyek) | D26: All | E26: Dokumen | F26: FID Rayhan | G26: Arahan user | H26: Not started | I26: Low

Sheet Konfirmasi
B2: Daftar Konfirmasi dari User
B3: Pertanyaan yang perlu keputusan user per 14-Oct-2026.
B5: Cara isi: tulis keputusan di kolom kuning "Keputusan" dan "Tanggal" (contoh: "Setuju usulan" · 15-Oct-2026). Kolom Status berubah otomatis menjadi Decided.
B7: No | C7: Function | D7: Topik | E7: Pertanyaan | F7: Usulan (BSA) | G7: Dampak jika belum diputuskan | H7: Keputusan | I7: Tanggal | J7: Status
B8: 1 | C8: X8 / X13 | D8: Case label | E8: Format, isi, dan nama file case label (Download Case Label). | F8: Ikuti format case label NSP existing. | G8: Case label belum bisa dicetak; UISS X8 / X13 masih TBD. | J8: =IF(H8="","Open","Decided")
B9: 2 | C9: X8 | D9: Nomor ASN | E9: Aturan nomor urut ASN. | F9: ASN-{Supplier}-{YYMMDD Delivery Date}-{Seq 3 digit}, reset per hari per supplier. | G9: Format ASN No di X8 / X13 masih usulan. | J9: =IF(H9="","Open","Decided")
B10: 3 | C10: X8 | D10: Isi 1 ASN | E10: Apakah 1 ASN wajib 1 supplier / plant? | F10: Ya, 1 ASN = 1 supplier + plant. | G10: Validasi pilihan unit di Create ASN. | J10: =IF(H10="","Open","Decided")
B11: 4 | C11: X8 | D11: Case List supplier | E11: Sub screen Case List untuk supplier juga level case saja (sembunyikan Customer Order No dan pcs)? | F11: Ya, samakan dengan header (level case). | G11: Kolom Case List di UISS X8. | J11: =IF(H11="","Open","Decided")
B12: 5 | C12: X8 | D12: Akses D/S | E12: Apakah tim D/S juga boleh Create / Submit ASN, atau hanya melihat? | F12: Hanya melihat (read only). | G12: Hak akses tombol Create ASN. | J12: =IF(H12="","Open","Decided")
B13: 6 | C13: X8 | D13: Route master | E13: Nama dan struktur tabel route master (Rit Cycle / Route). | F13: Pakai route master NSP existing. | G13: Combo Rit Cycle masih mock. | J13: =IF(H13="","Open","Decided")
B14: 7 | C14: X8 / X13 | D14: Tabel header ASN | E14: Konfirmasi nama dan kolom TB_R_ASN_CROSSDOCK_H (usulan). | F14: Pakai usulan di Appendix UISS X8. | G14: Data mapping Submit ASN. | J14: =IF(H14="","Open","Decided")
B15: 8 | C15: X13 | D15: Cancel ASN | E15: Perlu cancel / revisi ASN dari ASN Inquiry? | F15: Perlu cancel selama barang belum dikirim. | G15: Tambahan fungsi dan status ASN. | J15: =IF(H15="","Open","Decided")
B16: 9 | C16: X12 | D16: Pra Daily Order | E16: Struktur fisik TB_R_PRA_DAILY_ORDER_MANIFEST / PART dan cara menandai PO yang sudah terpasang. | F16: Tambah flag / qty terpakai di PART. | G16: Logika FIFO X12 belum final. | J16: =IF(H16="","Open","Decided")
B17: 10 | C17: X9-X12 | D17: Jadwal & retry | E17: Jadwal scheduler NSP untuk X9, X10, X11, X12 dan perlu auto retry seperti X6 / X7? | F17: Setelah data G-TOPAS tersedia; auto retry 3x. | G17: Schedule sheet di UISS masih TBC. | J17: =IF(H17="","Open","Decided")
B18: 11 | C18: X5 | D18: Jadwal X5 | E18: Tanggal / jam scheduler bulanan X5. | F18: Tanggal 1 jam 01:00, sebelum X6. | G18: Schedule sheet X5 / X6. | J18: =IF(H18="","Open","Decided")
B19: 12 | C19: X5 / X6 | D19: X5 gagal | E19: Kalau X5 gagal, apakah X6 dibatalkan? | F19: Ya, X6 tidak jalan. | G19: Aturan dependensi batch. | J19: =IF(H19="","Open","Decided")
... B30: 23 | C30: X1 | D30: Effective Start Date | E30: Kalimat "Effective Start Date" yang menggantung di Op Desc 5.4 a.4 (UISS X1): aturan apa yang dimaksud? | F30: Default besok, minimum hari ini, wajib diisi. | G30: Op Desc X1 belum lengkap. | J30: =IF(H30="","Open","Decided")

Sheet Business Flow
B2: Crossdock Optimization – Business Flow (Executive View)
B3: Alur end-to-end: A. Master setup bulanan (part, kalkulasi, mapping) → B. Operasi harian (order, PO, ASN). Kode X = UISS / fungsi.
C6: A. MASTER SETUP (bulanan) | X6: B. OPERASI HARIAN
B8: G-TOPAS / DB Surrounding
C9: Source Actual demand & destination master | X9: Source Customer order (crossdock, status 7)
B13: NSP Batch (System)
F14: X5 · X11 Replicate data to NSP | I14: X6 DAD volume calc: avg MAD ≥ Min MAD → Active / Inactive | L14: X7 Mapping destination calc: split Max Case/Day per destination | AA14: X9 · X10 Replicate orders + supplier PO (Pra Daily Order) | AD14: X12 Customer order ↔ PO mapping (FIFO by order date)
E15: ► | H15: ► | K15: ► | Z15: ► | AC15: ►
B18: Procurement
F19: X1 · X2 Register candidate part (Min MAD, Pcs/Case, Max Case/Day)
B23: D/S Team
O24: X3 · X4 Review & adjust mapping per destination | AG24: X8 detail Monitor delivery plan (destination, pcs)
N25: ► | AF25: ►
B28: Supplier
AG29: X8 ASN Crossdock Creation: ready units → cases → Submit ASN | AJ29: X13 ASN Inquiry & case label | AM29: Next scope Deliver cases to crossdock
AF30: ► | AI30: ► | AL30: ►
B33: Global System (TMMIN)
R34: X3 Sync (RPA) Mapping synced to global system
Q35: ►
R39: Mapping hasil Fase A dipakai untuk order crossdock (status 7) di Fase B.
C41: Aturan kunci – Fase A | X41: Aturan kunci – Fase B
C42: 1. Part didaftarkan Procurement dengan Min MAD sebagai acuan. | X42: 1. Unit ASN = Part Number + Customer Order Date, selalu masuk 1 ASN utuh.
C43: 2. DAD calc: rata-rata MAD N bulan ≥ Min MAD → Active, selain itu Inactive. | X43: 2. Order dipasangkan ke PO supplier secara FIFO berdasarkan order date.
C44: 3. Mapping calc: Max Case/Day dibagi per destinasi sesuai porsi MAD (min. 1 case). | X44: 3. 1 case per Part + Order Date + destinasi; beda part = beda case.
C45: 4. D/S team bisa menyesuaikan mapping; perubahan dikirim ke global system via RPA. | X45: 4. Supplier melihat level case; detail destinasi & pcs hanya untuk D/S team.
B47: Legenda
C48: Kotak = langkah / fungsi; kode merah = UISS (X1-X13)
C49: Panah = urutan alur
C50: Abu-abu putus-putus = scope berikutnya (belum didesain)
C51: Garis merah putus-putus = batas fase
